T5YIE,T5YIFR,T10YIE,T10Y2Y,SP500,DJIA,etz_time
1.68,1.86,1.77,0.34,3230.78,28538.44,2019-12-31 23:59:00
,,,,,,2020-01-01 23:59:00
1.72,1.88,1.8,0.3,3257.85,28868.8,2020-01-02 23:59:00
1.69,1.85,1.77,0.27,3234.85,28634.88,2020-01-03 23:59:00
,,,,,,2020-01-04 23:59:00
,,,,,,2020-01-05 23:59:00
1.69,1.81,1.75,0.27,3246.28,28703.38,2020-01-06 23:59:00
1.67,1.81,1.74,0.29,3237.18,28583.68,2020-01-07 23:59:00
1.68,1.82,1.75,0.29,3253.05,28745.09,2020-01-08 23:59:00
1.67,1.81,1.74,0.27,3274.7,28956.9,2020-01-09 23:59:00
1.67,1.85,1.76,0.27,3265.35,28823.77,2020-01-10 23:59:00
,,,,,,2020-01-11 23:59:00
,,,,,,2020-01-12 23:59:00
1.7,1.84,1.77,0.27,3288.13,28907.05,2020-01-13 23:59:00
1.7,1.84,1.77,0.24,3283.15,28939.67,2020-01-14 23:59:00
1.67,1.83,1.75,0.23,3289.29,29030.22,2020-01-15 23:59:00
1.68,1.8,1.74,0.23,3316.81,29297.64,2020-01-16 23:59:00
1.68,1.82,1.75,0.26,3329.62,29348.1,2020-01-17 23:59:00
,,,,,,2020-01-18 23:59:00
,,,,,,2020-01-19 23:59:00
,,,,,,2020-01-20 23:59:00
1.66,1.82,1.74,0.25,3320.79,29196.04,2020-01-21 23:59:00
1.64,1.8,1.72,0.24,3321.75,29186.27,2020-01-22 23:59:00
1.64,1.76,1.7,0.23,3325.54,29160.09,2020-01-23 23:59:00
1.62,1.74,1.68,0.21,3295.47,28989.73,2020-01-24 23:59:00
,,,,,,2020-01-25 23:59:00
,,,,,,2020-01-26 23:59:00
1.56,1.7,1.63,0.17,3243.63,28535.8,2020-01-27 23:59:00
1.59,1.71,1.65,0.2,3276.24,28722.85,2020-01-28 23:59:00
1.58,1.7,1.64,0.18,3273.4,28734.45,2020-01-29 23:59:00
1.59,1.69,1.64,0.16,3283.66,28859.44,2020-01-30 23:59:00
1.6,1.7,1.65,0.18,3225.52,28256.03,2020-01-31 23:59:00
,,,,,,2020-02-01 23:59:00
,,,,,,2020-02-02 23:59:00
1.56,1.7,1.63,0.18,3248.92,28399.81,2020-02-03 23:59:00
1.58,1.7,1.64,0.2,3297.59,28807.63,2020-02-04 23:59:00
1.61,1.71,1.66,0.22,3334.69,29290.85,2020-02-05 23:59:00
1.61,1.73,1.67,0.21,3345.78,29379.77,2020-02-06 23:59:00
1.61,1.71,1.66,0.18,3327.71,29102.51,2020-02-07 23:59:00
,,,,,,2020-02-08 23:59:00
,,,,,,2020-02-09 23:59:00
1.62,1.7,1.66,0.19,3352.09,29276.82,2020-02-10 23:59:00
1.6,1.7,1.65,0.18,3357.75,29276.34,2020-02-11 23:59:00
1.64,1.68,1.66,0.18,3379.45,29551.42,2020-02-12 23:59:00
1.65,1.69,1.67,0.17,3373.94,29423.31,2020-02-13 23:59:00
1.64,1.68,1.66,0.17,3380.16,29398.08,2020-02-14 23:59:00
,,,,,,2020-02-15 23:59:00
,,,,,,2020-02-16 23:59:00
,,,,,,2020-02-17 23:59:00
1.64,1.66,1.65,0.14,3370.29,29232.19,2020-02-18 23:59:00
1.65,1.65,1.65,0.14,3386.15,29348.03,2020-02-19 23:59:00
1.63,1.63,1.63,0.13,3373.23,29219.98,2020-02-20 23:59:00
1.6,1.62,1.61,0.12,3337.75,28992.41,2020-02-21 23:59:00
,,,,,,2020-02-22 23:59:00
,,,,,,2020-02-23 23:59:00
1.57,1.61,1.59,0.12,3225.89,27960.8,2020-02-24 23:59:00
1.52,1.54,1.53,0.13,3128.21,27081.36,2020-02-25 23:59:00
1.5,1.58,1.54,0.17,3116.39,26957.59,2020-02-26 23:59:00
1.48,1.58,1.53,0.19,2978.76,25766.64,2020-02-27 23:59:00
1.33,1.49,1.41,0.27,2954.22,25409.36,2020-02-28 23:59:00
,,,,,,2020-02-29 23:59:00
,,,,,,2020-03-01 23:59:00
1.32,1.5,1.41,0.26,3090.23,26703.32,2020-03-02 23:59:00
1.34,1.56,1.45,0.31,3003.37,25917.41,2020-03-03 23:59:00
1.34,1.58,1.46,0.35,3130.12,27090.86,2020-03-04 23:59:00
1.28,1.52,1.4,0.33,3023.94,26121.28,2020-03-05 23:59:00
1.14,1.48,1.31,0.25,2972.37,25864.78,2020-03-06 23:59:00
,,,,,,2020-03-07 23:59:00
,,,,,,2020-03-08 23:59:00
0.8,1.18,0.99,0.16,2746.56,23851.02,2020-03-09 23:59:00
0.77,1.23,1.0,0.26,2882.23,25018.16,2020-03-10 23:59:00
0.69,1.23,0.96,0.32,2741.38,23553.22,2020-03-11 23:59:00
0.63,1.21,0.92,0.38,2480.64,21200.62,2020-03-12 23:59:00
0.53,1.27,0.9,0.45,2711.02,23185.62,2020-03-13 23:59:00
,,,,,,2020-03-14 23:59:00
,,,,,,2020-03-15 23:59:00
0.3,1.16,0.73,0.37,2386.13,20188.52,2020-03-16 23:59:00
0.16,1.1,0.63,0.55,2529.19,21237.38,2020-03-17 23:59:00
0.16,1.1,0.63,0.64,2398.1,19898.92,2020-03-18 23:59:00
0.14,0.86,0.5,0.68,2409.39,20087.19,2020-03-19 23:59:00
0.31,1.19,0.75,0.55,2304.92,19173.98,2020-03-20 23:59:00
,,,,,,2020-03-21 23:59:00
,,,,,,2020-03-22 23:59:00
0.37,1.23,0.8,0.48,2237.4,18591.93,2020-03-23 23:59:00
0.55,1.39,0.97,0.46,2447.33,20704.91,2020-03-24 23:59:00
0.69,1.45,1.07,0.54,2475.56,21200.55,2020-03-25 23:59:00
0.72,1.42,1.07,0.53,2630.07,22552.17,2020-03-26 23:59:00
0.54,1.34,0.94,0.47,2541.47,21636.78,2020-03-27 23:59:00
,,,,,,2020-03-28 23:59:00
,,,,,,2020-03-29 23:59:00
0.57,1.33,0.95,0.47,2626.65,22327.48,2020-03-30 23:59:00
0.49,1.25,0.87,0.47,2584.59,21917.16,2020-03-31 23:59:00
0.56,1.26,0.91,0.39,2470.5,20943.51,2020-04-01 23:59:00
0.73,1.33,1.03,0.4,2526.9,21413.44,2020-04-02 23:59:00
0.78,1.38,1.08,0.39,2488.65,21052.53,2020-04-03 23:59:00
,,,,,,2020-04-04 23:59:00
,,,,,,2020-04-05 23:59:00
0.85,1.43,1.14,0.4,2663.68,22679.99,2020-04-06 23:59:00
0.86,1.48,1.17,0.47,2659.41,22653.86,2020-04-07 23:59:00
0.87,1.51,1.19,0.5,2749.98,23433.57,2020-04-08 23:59:00
0.9,1.56,1.23,0.5,2789.82,23719.37,2020-04-09 23:59:00
,,,,,,2020-04-10 23:59:00
,,,,,,2020-04-11 23:59:00
,,,,,,2020-04-12 23:59:00
0.94,1.58,1.26,0.51,2761.63,23390.77,2020-04-13 23:59:00
0.94,1.64,1.29,0.53,2846.06,23949.76,2020-04-14 23:59:00
0.87,1.51,1.19,0.43,2783.36,23504.35,2020-04-15 23:59:00
0.7,1.36,1.03,0.41,2799.55,23537.68,2020-04-16 23:59:00
0.67,1.35,1.01,0.45,2874.56,24242.49,2020-04-17 23:59:00
,,,,,,2020-04-18 23:59:00
,,,,,,2020-04-19 23:59:00
0.56,1.32,0.94,0.43,2823.16,23650.44,2020-04-20 23:59:00
0.58,1.34,0.96,0.38,2736.56,23018.88,2020-04-21 23:59:00
0.69,1.43,1.06,0.41,2799.31,23475.82,2020-04-22 23:59:00
0.67,1.43,1.05,0.39,2797.8,23515.26,2020-04-23 23:59:00
0.72,1.5,1.11,0.38,2836.74,23775.27,2020-04-24 23:59:00
,,,,,,2020-04-25 23:59:00
,,,,,,2020-04-26 23:59:00
0.78,1.56,1.17,0.43,2878.48,24133.78,2020-04-27 23:59:00
0.76,1.52,1.14,0.42,2863.39,24101.55,2020-04-28 23:59:00
0.78,1.5,1.14,0.43,2939.51,24633.86,2020-04-29 23:59:00
0.72,1.42,1.07,0.44,2912.43,24345.72,2020-04-30 23:59:00
0.68,1.44,1.06,0.44,2830.71,23723.69,2020-05-01 23:59:00
,,,,,,2020-05-02 23:59:00
,,,,,,2020-05-03 23:59:00
0.69,1.45,1.07,0.45,2842.74,23749.76,2020-05-04 23:59:00
0.71,1.49,1.1,0.47,2868.44,23883.09,2020-05-05 23:59:00
0.71,1.49,1.1,0.55,2848.42,23664.64,2020-05-06 23:59:00
0.7,1.46,1.08,0.5,2881.19,23875.89,2020-05-07 23:59:00
0.74,1.5,1.12,0.53,2929.8,24331.32,2020-05-08 23:59:00
,,,,,,2020-05-09 23:59:00
,,,,,,2020-05-10 23:59:00
0.75,1.51,1.13,0.56,2930.32,24221.99,2020-05-11 23:59:00
0.72,1.46,1.09,0.52,2870.12,23764.78,2020-05-12 23:59:00
0.71,1.43,1.07,0.48,2820.0,23247.97,2020-05-13 23:59:00
0.71,1.41,1.06,0.47,2852.5,23625.34,2020-05-14 23:59:00
0.75,1.43,1.09,0.48,2863.7,23685.42,2020-05-15 23:59:00
,,,,,,2020-05-16 23:59:00
,,,,,,2020-05-17 23:59:00
0.84,1.5,1.17,0.55,2953.91,24597.37,2020-05-18 23:59:00
0.82,1.48,1.15,0.53,2922.94,24206.86,2020-05-19 23:59:00
0.83,1.49,1.16,0.52,2971.61,24575.9,2020-05-20 23:59:00
0.81,1.47,1.14,0.51,2948.51,24474.12,2020-05-21 23:59:00
0.8,1.44,1.12,0.49,2955.45,24465.16,2020-05-22 23:59:00
,,,,,,2020-05-23 23:59:00
,,,,,,2020-05-24 23:59:00
,,,,,,2020-05-25 23:59:00
0.82,1.44,1.13,0.51,2991.77,24995.11,2020-05-26 23:59:00
0.82,1.46,1.14,0.49,3036.13,25548.27,2020-05-27 23:59:00
0.86,1.5,1.18,0.53,3029.73,25400.64,2020-05-28 23:59:00
0.83,1.47,1.15,0.49,3044.31,25383.11,2020-05-29 23:59:00
,,,,,,2020-05-30 23:59:00
,,,,,,2020-05-31 23:59:00
0.84,1.52,1.18,0.52,3055.73,25475.02,2020-06-01 23:59:00
0.84,1.52,1.18,0.51,3080.82,25742.65,2020-06-02 23:59:00
0.88,1.54,1.21,0.58,3122.87,26269.89,2020-06-03 23:59:00
0.88,1.56,1.22,0.63,3112.35,26281.82,2020-06-04 23:59:00
0.95,1.59,1.27,0.69,3193.93,27110.98,2020-06-05 23:59:00
,,,,,,2020-06-06 23:59:00
,,,,,,2020-06-07 23:59:00
0.98,1.58,1.28,0.66,3232.39,27572.44,2020-06-08 23:59:00
0.98,1.54,1.26,0.64,3207.18,27272.3,2020-06-09 23:59:00
1.0,1.54,1.27,0.58,3190.14,26989.99,2020-06-10 23:59:00
0.95,1.47,1.21,0.47,3002.1,25128.17,2020-06-11 23:59:00
0.95,1.47,1.21,0.52,3041.31,25605.54,2020-06-12 23:59:00
,,,,,,2020-06-13 23:59:00
,,,,,,2020-06-14 23:59:00
0.98,1.48,1.23,0.52,3066.59,25763.16,2020-06-15 23:59:00
1.02,1.52,1.27,0.54,3124.74,26289.98,2020-06-16 23:59:00
1.01,1.51,1.26,0.55,3113.49,26119.61,2020-06-17 23:59:00
1.12,1.44,1.28,0.52,3115.34,26080.1,2020-06-18 23:59:00
1.06,1.54,1.3,0.51,3097.74,25871.46,2020-06-19 23:59:00
,,,,,,2020-06-20 23:59:00
,,,,,,2020-06-21 23:59:00
1.11,1.57,1.34,0.52,3117.86,26024.96,2020-06-22 23:59:00
1.14,1.62,1.38,0.54,3131.29,26156.1,2020-06-23 23:59:00
1.1,1.56,1.33,0.5,3050.33,25445.94,2020-06-24 23:59:00
1.11,1.55,1.33,0.51,3083.76,25745.6,2020-06-25 23:59:00
1.11,1.53,1.32,0.47,3009.05,25015.55,2020-06-26 23:59:00
,,,,,,2020-06-27 23:59:00
,,,,,,2020-06-28 23:59:00
1.14,1.54,1.34,0.48,3053.24,25595.8,2020-06-29 23:59:00
1.16,1.52,1.34,0.5,3100.29,25812.88,2020-06-30 23:59:00
1.17,1.57,1.37,0.52,3115.86,25734.97,2020-07-01 23:59:00
1.21,1.61,1.41,0.52,3130.01,25827.36,2020-07-02 23:59:00
,,,,,,2020-07-03 23:59:00
,,,,,,2020-07-04 23:59:00
,,,,,,2020-07-05 23:59:00
1.28,1.62,1.45,0.53,3179.72,26287.03,2020-07-06 23:59:00
1.26,1.6,1.43,0.49,3145.32,25890.18,2020-07-07 23:59:00
1.25,1.59,1.42,0.51,3169.94,26067.28,2020-07-08 23:59:00
1.22,1.56,1.39,0.46,3152.05,25706.09,2020-07-09 23:59:00
1.25,1.57,1.41,0.49,3185.04,26075.3,2020-07-10 23:59:00
,,,,,,2020-07-11 23:59:00
,,,,,,2020-07-12 23:59:00
1.27,1.57,1.42,0.48,3155.22,26085.8,2020-07-13 23:59:00
1.27,1.55,1.41,0.49,3197.52,26642.59,2020-07-14 23:59:00
1.28,1.54,1.41,0.48,3226.56,26870.1,2020-07-15 23:59:00
1.3,1.52,1.41,0.46,3215.57,26734.71,2020-07-16 23:59:00
1.35,1.57,1.46,0.5,3224.73,26671.95,2020-07-17 23:59:00
,,,,,,2020-07-18 23:59:00
,,,,,,2020-07-19 23:59:00
1.37,1.55,1.46,0.46,3251.84,26680.87,2020-07-20 23:59:00
1.4,1.56,1.48,0.47,3257.3,26840.4,2020-07-21 23:59:00
1.4,1.56,1.48,0.46,3276.02,27005.84,2020-07-22 23:59:00
1.37,1.61,1.49,0.43,3235.66,26652.33,2020-07-23 23:59:00
1.35,1.67,1.51,0.45,3215.63,26469.89,2020-07-24 23:59:00
,,,,,,2020-07-25 23:59:00
,,,,,,2020-07-26 23:59:00
1.38,1.66,1.52,0.47,3239.41,26584.77,2020-07-27 23:59:00
1.36,1.66,1.51,0.45,3218.44,26379.28,2020-07-28 23:59:00
1.38,1.68,1.53,0.46,3258.44,26539.57,2020-07-29 23:59:00
1.37,1.67,1.52,0.44,3246.22,26313.65,2020-07-30 23:59:00
1.4,1.7,1.55,0.44,3271.12,26428.32,2020-07-31 23:59:00
,,,,,,2020-08-01 23:59:00
,,,,,,2020-08-02 23:59:00
1.46,1.7,1.58,0.45,3294.61,26664.4,2020-08-03 23:59:00
1.45,1.69,1.57,0.41,3306.51,26828.47,2020-08-04 23:59:00
1.52,1.7,1.61,0.44,3327.77,27201.52,2020-08-05 23:59:00
1.53,1.73,1.63,0.44,3349.16,27386.98,2020-08-06 23:59:00
1.5,1.72,1.61,0.44,3351.28,27433.48,2020-08-07 23:59:00
,,,,,,2020-08-08 23:59:00
,,,,,,2020-08-09 23:59:00
1.49,1.73,1.61,0.45,3360.47,27791.44,2020-08-10 23:59:00
1.5,1.76,1.63,0.48,3333.69,27686.91,2020-08-11 23:59:00
1.56,1.78,1.67,0.53,3380.35,27976.84,2020-08-12 23:59:00
1.56,1.78,1.67,0.55,3373.43,27896.72,2020-08-13 23:59:00
1.53,1.77,1.65,0.57,3372.85,27931.02,2020-08-14 23:59:00
,,,,,,2020-08-15 23:59:00
,,,,,,2020-08-16 23:59:00
1.54,1.78,1.66,0.55,3381.99,27844.91,2020-08-17 23:59:00
1.55,1.81,1.68,0.53,3389.78,27778.07,2020-08-18 23:59:00
1.55,1.79,1.67,0.54,3374.85,27692.88,2020-08-19 23:59:00
1.48,1.76,1.62,0.52,3385.51,27739.73,2020-08-20 23:59:00
1.52,1.76,1.64,0.48,3397.16,27930.33,2020-08-21 23:59:00
,,,,,,2020-08-22 23:59:00
,,,,,,2020-08-23 23:59:00
1.57,1.77,1.67,0.51,3431.28,28308.46,2020-08-24 23:59:00
1.6,1.8,1.7,0.54,3443.62,28248.44,2020-08-25 23:59:00
1.63,1.81,1.72,0.53,3478.73,28331.92,2020-08-26 23:59:00
1.65,1.81,1.73,0.58,3484.55,28492.27,2020-08-27 23:59:00
1.68,1.86,1.77,0.6,3508.01,28653.87,2020-08-28 23:59:00
,,,,,,2020-08-29 23:59:00
,,,,,,2020-08-30 23:59:00
1.69,1.91,1.8,0.58,3500.31,28430.05,2020-08-31 23:59:00
1.65,1.87,1.76,0.55,3526.65,28645.66,2020-09-01 23:59:00
1.61,1.85,1.73,0.52,3580.84,29100.5,2020-09-02 23:59:00
1.53,1.77,1.65,0.5,3455.06,28292.73,2020-09-03 23:59:00
1.57,1.83,1.7,0.58,3426.96,28133.31,2020-09-04 23:59:00
,,,,,,2020-09-05 23:59:00
,,,,,,2020-09-06 23:59:00
,,,,,,2020-09-07 23:59:00
1.55,1.81,1.68,0.55,3331.84,27500.89,2020-09-08 23:59:00
1.57,1.85,1.71,0.57,3398.96,27940.47,2020-09-09 23:59:00
1.54,1.84,1.69,0.54,3339.19,27534.58,2020-09-10 23:59:00
1.53,1.77,1.65,0.54,3340.97,27665.64,2020-09-11 23:59:00
,,,,,,2020-09-12 23:59:00
,,,,,,2020-09-13 23:59:00
1.54,1.76,1.65,0.54,3383.54,27993.33,2020-09-14 23:59:00
1.54,1.8,1.67,0.54,3401.2,27995.6,2020-09-15 23:59:00
1.57,1.79,1.68,0.55,3385.49,28032.38,2020-09-16 23:59:00
1.57,1.75,1.66,0.56,3357.01,27901.98,2020-09-17 23:59:00
1.58,1.76,1.67,0.56,3319.47,27657.42,2020-09-18 23:59:00
,,,,,,2020-09-19 23:59:00
,,,,,,2020-09-20 23:59:00
1.5,1.74,1.62,0.54,3281.06,27147.7,2020-09-21 23:59:00
1.5,1.74,1.62,0.55,3315.57,27288.18,2020-09-22 23:59:00
1.48,1.72,1.6,0.54,3236.92,26763.13,2020-09-23 23:59:00
1.45,1.71,1.58,0.53,3246.59,26815.44,2020-09-24 23:59:00
1.43,1.73,1.58,0.54,3298.46,27173.96,2020-09-25 23:59:00
,,,,,,2020-09-26 23:59:00
,,,,,,2020-09-27 23:59:00
1.48,1.74,1.61,0.53,3351.6,27584.06,2020-09-28 23:59:00
1.49,1.79,1.64,0.55,3335.47,27452.66,2020-09-29 23:59:00
1.5,1.76,1.63,0.56,3363.0,27781.7,2020-09-30 23:59:00
1.48,1.78,1.63,0.54,3380.8,27816.9,2020-10-01 23:59:00
1.48,1.8,1.64,0.57,3348.44,27682.81,2020-10-02 23:59:00
,,,,,,2020-10-03 23:59:00
,,,,,,2020-10-04 23:59:00
1.52,1.84,1.68,0.64,3408.63,28148.64,2020-10-05 23:59:00
1.51,1.81,1.66,0.62,3360.95,27772.76,2020-10-06 23:59:00
1.54,1.88,1.71,0.65,3419.45,28303.46,2020-10-07 23:59:00
1.56,1.88,1.72,0.65,3446.83,28425.51,2020-10-08 23:59:00
1.56,1.9,1.73,0.63,3477.13,28586.9,2020-10-09 23:59:00
,,,,,,2020-10-10 23:59:00
,,,,,,2020-10-11 23:59:00
,,,,3534.22,28837.52,2020-10-12 23:59:00
1.52,1.88,1.7,0.58,3511.93,28679.81,2020-10-13 23:59:00
1.52,1.86,1.69,0.59,3488.67,28514.0,2020-10-14 23:59:00
1.52,1.86,1.69,0.6,3483.34,28494.2,2020-10-15 23:59:00
1.53,1.89,1.71,0.62,3483.81,28606.31,2020-10-16 23:59:00
,,,,,,2020-10-17 23:59:00
,,,,,,2020-10-18 23:59:00
1.53,1.89,1.71,0.62,3426.92,28195.42,2020-10-19 23:59:00
1.53,1.91,1.72,0.67,3443.12,28308.79,2020-10-20 23:59:00
1.56,1.92,1.74,0.69,3435.56,28210.82,2020-10-21 23:59:00
1.68,1.84,1.76,0.71,3453.49,28363.66,2020-10-22 23:59:00
1.66,1.84,1.75,0.67,3465.39,28335.57,2020-10-23 23:59:00
,,,,,,2020-10-24 23:59:00
,,,,,,2020-10-25 23:59:00
1.63,1.81,1.72,0.65,3400.97,27685.38,2020-10-26 23:59:00
1.64,1.78,1.71,0.63,3390.68,27463.19,2020-10-27 23:59:00
1.61,1.79,1.7,0.63,3271.03,26519.95,2020-10-28 23:59:00
1.61,1.81,1.71,0.69,3310.11,26659.11,2020-10-29 23:59:00
1.59,1.81,1.7,0.74,3269.96,26501.6,2020-10-30 23:59:00
,,,,,,2020-10-31 23:59:00
,,,,,,2020-11-01 23:59:00
1.6,1.82,1.71,0.71,3310.24,26925.05,2020-11-02 23:59:00
1.62,1.82,1.72,0.73,3369.16,27480.03,2020-11-03 23:59:00
1.56,1.72,1.64,0.64,3443.44,27847.66,2020-11-04 23:59:00
1.55,1.77,1.66,0.65,3510.45,28390.18,2020-11-05 23:59:00
1.54,1.76,1.65,0.67,3509.44,28323.4,2020-11-06 23:59:00
,,,,,,2020-11-07 23:59:00
,,,,,,2020-11-08 23:59:00
1.63,1.83,1.73,0.79,3550.5,29157.97,2020-11-09 23:59:00
1.69,1.83,1.76,0.79,3545.53,29420.92,2020-11-10 23:59:00
,,,,3572.66,29397.63,2020-11-11 23:59:00
1.63,1.79,1.71,0.71,3537.01,29080.17,2020-11-12 23:59:00
1.64,1.8,1.72,0.72,3585.15,29479.81,2020-11-13 23:59:00
,,,,,,2020-11-14 23:59:00
,,,,,,2020-11-15 23:59:00
1.64,1.8,1.72,0.72,3626.91,29950.44,2020-11-16 23:59:00
1.63,1.77,1.7,0.69,3609.53,29783.35,2020-11-17 23:59:00
1.63,1.77,1.7,0.72,3567.79,29438.42,2020-11-18 23:59:00
1.62,1.78,1.7,0.68,3581.87,29483.23,2020-11-19 23:59:00
1.61,1.77,1.69,0.67,3557.54,29263.48,2020-11-20 23:59:00
,,,,,,2020-11-21 23:59:00
,,,,,,2020-11-22 23:59:00
1.62,1.8,1.71,0.7,3577.59,29591.27,2020-11-23 23:59:00
1.65,1.83,1.74,0.72,3635.41,30046.24,2020-11-24 23:59:00
1.67,1.83,1.75,0.71,3629.65,29872.47,2020-11-25 23:59:00
,,,,,,2020-11-26 23:59:00
1.67,1.83,1.75,0.68,3638.35,29910.37,2020-11-27 23:59:00
,,,,,,2020-11-28 23:59:00
,,,,,,2020-11-29 23:59:00
1.68,1.86,1.77,0.68,3621.63,29638.64,2020-11-30 23:59:00
1.72,1.9,1.81,0.75,3662.45,29823.92,2020-12-01 23:59:00
1.76,1.94,1.85,0.79,3669.01,29883.79,2020-12-02 23:59:00
1.78,1.94,1.86,0.76,3666.72,29969.52,2020-12-03 23:59:00
1.83,1.95,1.89,0.81,3699.12,30218.26,2020-12-04 23:59:00
,,,,,,2020-12-05 23:59:00
,,,,,,2020-12-06 23:59:00
1.84,1.92,1.88,0.8,3691.96,30069.79,2020-12-07 23:59:00
1.84,1.94,1.89,0.78,3702.25,30173.88,2020-12-08 23:59:00
1.84,1.98,1.91,0.79,3672.82,30068.81,2020-12-09 23:59:00
1.83,1.93,1.88,0.78,3668.1,29999.26,2020-12-10 23:59:00
1.82,1.92,1.87,0.79,3663.46,30046.37,2020-12-11 23:59:00
,,,,,,2020-12-12 23:59:00
,,,,,,2020-12-13 23:59:00
1.84,1.92,1.88,0.77,3647.49,29861.55,2020-12-14 23:59:00
1.86,1.96,1.91,0.81,3694.62,30199.31,2020-12-15 23:59:00
1.9,1.94,1.92,0.79,3701.17,30154.54,2020-12-16 23:59:00
1.9,1.98,1.94,0.81,3722.48,30303.37,2020-12-17 23:59:00
1.92,1.98,1.95,0.82,3709.41,30179.05,2020-12-18 23:59:00
,,,,,,2020-12-19 23:59:00
,,,,,,2020-12-20 23:59:00
1.9,2.0,1.95,0.82,3694.92,30216.45,2020-12-21 23:59:00
1.92,1.96,1.94,0.8,3687.26,30015.51,2020-12-22 23:59:00
1.93,2.01,1.97,0.83,3690.01,30129.83,2020-12-23 23:59:00
1.92,2.02,1.97,0.81,3703.06,30199.87,2020-12-24 23:59:00
,,,,,,2020-12-25 23:59:00
,,,,,,2020-12-26 23:59:00
,,,,,,2020-12-27 23:59:00
1.92,2.02,1.97,0.81,3735.36,30403.97,2020-12-28 23:59:00
1.9,2.02,1.96,0.82,3727.04,30335.67,2020-12-29 23:59:00
1.92,2.0,1.96,0.81,3732.04,30409.56,2020-12-30 23:59:00
1.95,2.03,1.99,0.8,3756.07,30606.48,2020-12-31 23:59:00
,,,,,,2021-01-01 23:59:00
,,,,,,2021-01-02 23:59:00
,,,,,,2021-01-03 23:59:00
1.98,2.04,2.01,0.82,3700.65,30223.89,2021-01-04 23:59:00
2.01,2.05,2.03,0.83,3726.86,30391.6,2021-01-05 23:59:00
2.04,2.08,2.06,0.9,3748.14,30829.4,2021-01-06 23:59:00
2.09,2.09,2.09,0.94,3803.79,31041.13,2021-01-07 23:59:00
2.07,2.05,2.06,0.99,3824.68,31097.97,2021-01-08 23:59:00
,,,,,,2021-01-09 23:59:00
,,,,,,2021-01-10 23:59:00
2.04,2.08,2.06,1.01,3799.61,31008.69,2021-01-11 23:59:00
2.06,2.1,2.08,1.01,3801.19,31068.69,2021-01-12 23:59:00
2.04,2.08,2.06,0.96,3809.84,31060.47,2021-01-13 23:59:00
2.09,2.09,2.09,0.99,3795.54,30991.52,2021-01-14 23:59:00
2.09,2.11,2.1,0.98,3768.25,30814.26,2021-01-15 23:59:00
,,,,,,2021-01-16 23:59:00
,,,,,,2021-01-17 23:59:00
,,,,,,2021-01-18 23:59:00
2.12,2.08,2.1,0.96,3798.91,30930.52,2021-01-19 23:59:00
2.15,2.09,2.12,0.97,3851.85,31188.38,2021-01-20 23:59:00
2.18,2.02,2.1,0.99,3853.07,31176.01,2021-01-21 23:59:00
2.16,2.02,2.09,0.97,3841.47,30996.98,2021-01-22 23:59:00
,,,,,,2021-01-23 23:59:00
,,,,,,2021-01-24 23:59:00
2.15,2.01,2.08,0.92,3855.36,30960.0,2021-01-25 23:59:00
2.15,2.01,2.08,0.94,3849.62,30937.04,2021-01-26 23:59:00
2.15,2.01,2.08,0.92,3750.77,30303.17,2021-01-27 23:59:00
2.18,2.08,2.13,0.95,3787.38,30603.36,2021-01-28 23:59:00
2.21,2.05,2.13,1.0,3714.24,29982.62,2021-01-29 23:59:00
,,,,,,2021-01-30 23:59:00
,,,,,,2021-01-31 23:59:00
2.18,2.04,2.11,0.98,3773.86,30211.91,2021-02-01 23:59:00
2.23,2.07,2.15,1.01,3826.31,30687.48,2021-02-02 23:59:00
2.27,2.11,2.19,1.04,3830.17,30723.6,2021-02-03 23:59:00
2.25,2.09,2.17,1.04,3871.74,31055.86,2021-02-04 23:59:00
2.28,2.14,2.21,1.1,3886.83,31148.24,2021-02-05 23:59:00
,,,,,,2021-02-06 23:59:00
,,,,,,2021-02-07 23:59:00
2.31,2.13,2.22,1.08,3915.59,31385.76,2021-02-08 23:59:00
2.31,2.13,2.22,1.07,3911.23,31375.83,2021-02-09 23:59:00
2.31,2.11,2.21,1.04,3909.88,31437.8,2021-02-10 23:59:00
2.32,2.08,2.2,1.05,3916.38,31430.7,2021-02-11 23:59:00
2.35,2.07,2.21,1.09,3934.83,31458.4,2021-02-12 23:59:00
,,,,,,2021-02-13 23:59:00
,,,,,,2021-02-14 23:59:00
,,,,,,2021-02-15 23:59:00
2.37,2.11,2.24,1.17,3932.59,31522.75,2021-02-16 23:59:00
2.35,2.07,2.21,1.18,3931.33,31613.02,2021-02-17 23:59:00
2.29,2.03,2.16,1.18,3913.97,31493.34,2021-02-18 23:59:00
2.29,1.99,2.14,1.23,3906.71,31494.32,2021-02-19 23:59:00
,,,,,,2021-02-20 23:59:00
,,,,,,2021-02-21 23:59:00
2.35,1.97,2.16,1.26,3876.5,31521.69,2021-02-22 23:59:00
2.35,1.97,2.16,1.26,3881.37,31537.35,2021-02-23 23:59:00
2.38,1.96,2.17,1.26,3925.43,31961.86,2021-02-24 23:59:00
2.34,1.94,2.14,1.37,3829.34,31402.01,2021-02-25 23:59:00
2.39,1.91,2.15,1.3,3811.15,30932.37,2021-02-26 23:59:00
,,,,,,2021-02-27 23:59:00
,,,,,,2021-02-28 23:59:00
2.4,1.92,2.16,1.32,3901.82,31535.51,2021-03-01 23:59:00
2.43,1.97,2.2,1.29,3870.29,31391.52,2021-03-02 23:59:00
2.45,1.97,2.21,1.33,3819.72,31270.09,2021-03-03 23:59:00
2.43,1.97,2.2,1.4,3768.47,30924.14,2021-03-04 23:59:00
2.43,2.01,2.22,1.42,3841.94,31496.3,2021-03-05 23:59:00
,,,,,,2021-03-06 23:59:00
,,,,,,2021-03-07 23:59:00
2.42,2.0,2.21,1.42,3821.35,31802.44,2021-03-08 23:59:00
2.41,2.01,2.21,1.38,3875.44,31832.74,2021-03-09 23:59:00
2.47,2.05,2.26,1.37,3898.81,32297.02,2021-03-10 23:59:00
2.51,2.05,2.28,1.4,3939.34,32485.59,2021-03-11 23:59:00
2.51,2.01,2.26,1.5,3943.34,32778.64,2021-03-12 23:59:00
,,,,,,2021-03-13 23:59:00
,,,,,,2021-03-14 23:59:00
2.54,2.0,2.27,1.48,3968.94,32953.46,2021-03-15 23:59:00
2.59,2.01,2.3,1.47,3962.71,32825.95,2021-03-16 23:59:00
2.58,2.02,2.3,1.5,3974.12,33015.37,2021-03-17 23:59:00
2.5,2.04,2.27,1.55,3915.46,32862.3,2021-03-18 23:59:00
2.51,2.11,2.31,1.58,3913.1,32627.97,2021-03-19 23:59:00
,,,,,,2021-03-20 23:59:00
,,,,,,2021-03-21 23:59:00
2.51,2.15,2.33,1.54,3940.59,32731.2,2021-03-22 23:59:00
2.48,2.1,2.29,1.48,3910.52,32423.15,2021-03-23 23:59:00
2.53,2.09,2.31,1.48,3889.14,32420.06,2021-03-24 23:59:00
2.54,2.1,2.32,1.49,3909.52,32619.48,2021-03-25 23:59:00
2.57,2.11,2.34,1.53,3974.54,33072.88,2021-03-26 23:59:00
,,,,,,2021-03-27 23:59:00
,,,,,,2021-03-28 23:59:00
2.56,2.16,2.36,1.59,3971.09,33171.37,2021-03-29 23:59:00
2.52,2.18,2.35,1.57,3958.55,33066.96,2021-03-30 23:59:00
2.54,2.2,2.37,1.58,3972.89,32981.55,2021-03-31 23:59:00
2.55,2.15,2.35,1.52,4019.87,33153.21,2021-04-01 23:59:00
2.58,2.14,2.36,1.53,,,2021-04-02 23:59:00
,,,,,,2021-04-03 23:59:00
,,,,,,2021-04-04 23:59:00
2.55,2.15,2.35,1.56,4077.91,33527.19,2021-04-05 23:59:00
2.52,2.12,2.32,1.51,4073.94,33430.24,2021-04-06 23:59:00
2.53,2.15,2.34,1.52,4079.95,33446.26,2021-04-07 23:59:00
2.55,2.11,2.33,1.5,4097.17,33503.57,2021-04-08 23:59:00
2.51,2.11,2.31,1.51,4128.8,33800.6,2021-04-09 23:59:00
,,,,,,2021-04-10 23:59:00
,,,,,,2021-04-11 23:59:00
2.52,2.14,2.33,1.51,4127.99,33745.4,2021-04-12 23:59:00
2.54,2.12,2.33,1.48,4141.59,33677.27,2021-04-13 23:59:00
2.56,2.1,2.33,1.48,4124.66,33730.89,2021-04-14 23:59:00
2.55,2.11,2.33,1.4,4170.42,34035.99,2021-04-15 23:59:00
2.57,2.15,2.36,1.43,4185.47,34200.67,2021-04-16 23:59:00
,,,,,,2021-04-17 23:59:00
,,,,,,2021-04-18 23:59:00
2.56,2.12,2.34,1.45,4163.26,34077.63,2021-04-19 23:59:00
2.52,2.12,2.32,1.43,4134.94,33821.3,2021-04-20 23:59:00
2.53,2.13,2.33,1.42,4173.42,34137.31,2021-04-21 23:59:00
2.42,2.24,2.33,1.41,4134.98,33815.9,2021-04-22 23:59:00
2.44,2.24,2.34,1.42,4180.17,34043.49,2021-04-23 23:59:00
,,,,,,2021-04-24 23:59:00
,,,,,,2021-04-25 23:59:00
2.47,2.25,2.36,1.4,4187.62,33981.57,2021-04-26 23:59:00
2.51,2.27,2.39,1.46,4186.72,33984.93,2021-04-27 23:59:00
2.54,2.28,2.41,1.46,4183.18,33820.38,2021-04-28 23:59:00
2.56,2.28,2.42,1.49,4211.47,34060.36,2021-04-29 23:59:00
2.57,2.25,2.41,1.49,4181.17,33874.85,2021-04-30 23:59:00
,,,,,,2021-05-01 23:59:00
,,,,,,2021-05-02 23:59:00
2.6,2.24,2.42,1.47,4192.66,34113.23,2021-05-03 23:59:00
2.62,2.22,2.42,1.45,4164.66,34133.03,2021-05-04 23:59:00
2.68,2.26,2.47,1.43,4167.59,34230.34,2021-05-05 23:59:00
2.66,2.24,2.45,1.42,4201.62,34548.53,2021-05-06 23:59:00
2.65,2.33,2.49,1.46,4232.6,34777.76,2021-05-07 23:59:00
,,,,,,2021-05-08 23:59:00
,,,,,,2021-05-09 23:59:00
2.71,2.37,2.54,1.47,4188.43,34742.82,2021-05-10 23:59:00
2.68,2.38,2.53,1.48,4152.1,34269.16,2021-05-11 23:59:00
2.72,2.36,2.54,1.53,4063.04,33587.66,2021-05-12 23:59:00
2.65,2.37,2.51,1.5,4112.5,34021.45,2021-05-13 23:59:00
2.68,2.34,2.51,1.47,4173.85,34382.13,2021-05-14 23:59:00
,,,,,,2021-05-15 23:59:00
,,,,,,2021-05-16 23:59:00
2.72,2.36,2.54,1.48,4163.29,34327.79,2021-05-17 23:59:00
2.72,2.32,2.52,1.48,4127.83,34060.66,2021-05-18 23:59:00
2.66,2.3,2.48,1.52,4115.68,33896.04,2021-05-19 23:59:00
2.59,2.23,2.41,1.48,4159.12,34084.15,2021-05-20 23:59:00
2.62,2.24,2.43,1.46,4155.86,34207.84,2021-05-21 23:59:00
,,,,,,2021-05-22 23:59:00
,,,,,,2021-05-23 23:59:00
2.64,2.24,2.44,1.46,4197.05,34393.98,2021-05-24 23:59:00
2.63,2.21,2.42,1.41,4188.13,34312.46,2021-05-25 23:59:00
2.6,2.2,2.4,1.44,4195.99,34323.05,2021-05-26 23:59:00
2.59,2.25,2.42,1.47,4200.88,34464.64,2021-05-27 23:59:00
2.57,2.27,2.42,1.44,4204.11,34529.45,2021-05-28 23:59:00
,,,,,,2021-05-29 23:59:00
,,,,,,2021-05-30 23:59:00
,,,,,,2021-05-31 23:59:00
2.6,2.32,2.46,1.46,4202.04,34575.31,2021-06-01 23:59:00
2.59,2.29,2.44,1.46,4208.12,34600.38,2021-06-02 23:59:00
2.56,2.28,2.42,1.47,4192.85,34577.04,2021-06-03 23:59:00
2.54,2.26,2.4,1.42,4229.89,34756.39,2021-06-04 23:59:00
,,,,,,2021-06-05 23:59:00
,,,,,,2021-06-06 23:59:00
2.51,2.27,2.39,1.41,4226.52,34630.24,2021-06-07 23:59:00
2.47,2.25,2.36,1.39,4227.26,34599.82,2021-06-08 23:59:00
2.41,2.23,2.32,1.34,4219.55,34447.14,2021-06-09 23:59:00
2.47,2.23,2.35,1.31,4239.18,34466.24,2021-06-10 23:59:00
2.43,2.21,2.32,1.31,4247.44,34479.6,2021-06-11 23:59:00
,,,,,,2021-06-12 23:59:00
,,,,,,2021-06-13 23:59:00
2.44,2.28,2.36,1.35,4255.15,34393.75,2021-06-14 23:59:00
2.46,2.3,2.38,1.35,4246.59,34299.33,2021-06-15 23:59:00
2.41,2.23,2.32,1.36,4223.7,34033.67,2021-06-16 23:59:00
2.31,2.23,2.27,1.29,4221.86,33823.45,2021-06-17 23:59:00
2.37,2.11,2.24,1.19,4166.45,33290.08,2021-06-18 23:59:00
,,,,,,2021-06-19 23:59:00
,,,,,,2021-06-20 23:59:00
2.41,2.09,2.25,1.23,4224.79,33876.97,2021-06-21 23:59:00
2.46,2.16,2.31,1.23,4246.44,33945.58,2021-06-22 23:59:00
2.49,2.19,2.34,1.24,4241.84,33874.24,2021-06-23 23:59:00
2.45,2.15,2.3,1.23,4266.49,34196.82,2021-06-24 23:59:00
2.46,2.22,2.34,1.26,4280.7,34433.84,2021-06-25 23:59:00
,,,,,,2021-06-26 23:59:00
,,,,,,2021-06-27 23:59:00
2.45,2.21,2.33,1.24,4290.61,34283.27,2021-06-28 23:59:00
2.46,2.18,2.32,1.22,4291.8,34292.29,2021-06-29 23:59:00
2.47,2.17,2.32,1.2,4297.5,34502.51,2021-06-30 23:59:00
2.49,2.21,2.35,1.23,4319.94,34633.53,2021-07-01 23:59:00
2.49,2.17,2.33,1.2,4352.34,34786.35,2021-07-02 23:59:00
,,,,,,2021-07-03 23:59:00
,,,,,,2021-07-04 23:59:00
,,,,,,2021-07-05 23:59:00
2.48,2.14,2.31,1.15,4343.54,34577.37,2021-07-06 23:59:00
2.43,2.13,2.28,1.11,4358.13,34681.79,2021-07-07 23:59:00
2.38,2.06,2.22,1.11,4320.82,34421.93,2021-07-08 23:59:00
2.44,2.12,2.28,1.14,4369.55,34870.16,2021-07-09 23:59:00
,,,,,,2021-07-10 23:59:00
,,,,,,2021-07-11 23:59:00
2.48,2.18,2.33,1.15,4384.63,34996.18,2021-07-12 23:59:00
2.56,2.16,2.36,1.16,4369.21,34888.79,2021-07-13 23:59:00
2.53,2.15,2.34,1.14,4374.3,34933.23,2021-07-14 23:59:00
2.53,2.11,2.32,1.08,4360.03,34987.02,2021-07-15 23:59:00
2.52,2.14,2.33,1.06,4327.16,34687.85,2021-07-16 23:59:00
,,,,,,2021-07-17 23:59:00
,,,,,,2021-07-18 23:59:00
2.41,2.07,2.24,0.98,4258.49,33962.04,2021-07-19 23:59:00
2.4,2.12,2.26,1.03,4323.06,34511.99,2021-07-20 23:59:00
2.45,2.11,2.28,1.08,4358.69,34798.0,2021-07-21 23:59:00
2.46,2.1,2.28,1.07,4367.48,34823.35,2021-07-22 23:59:00
2.53,2.17,2.35,1.08,4411.79,35061.55,2021-07-23 23:59:00
,,,,,,2021-07-24 23:59:00
,,,,,,2021-07-25 23:59:00
2.59,2.21,2.4,1.07,4422.3,35144.31,2021-07-26 23:59:00
2.55,2.21,2.38,1.05,4401.46,35058.52,2021-07-27 23:59:00
2.57,2.25,2.41,1.06,4400.64,34930.93,2021-07-28 23:59:00
2.58,2.28,2.43,1.08,4419.15,35084.53,2021-07-29 23:59:00
2.56,2.24,2.4,1.05,4395.26,34935.47,2021-07-30 23:59:00
,,,,,,2021-07-31 23:59:00
,,,,,,2021-08-01 23:59:00
2.51,2.23,2.37,1.03,4387.16,34838.16,2021-08-02 23:59:00
2.51,2.25,2.38,1.02,4423.15,35116.4,2021-08-03 23:59:00
2.5,2.2,2.35,1.02,4402.66,34792.67,2021-08-04 23:59:00
2.46,2.2,2.33,1.02,4429.1,35064.25,2021-08-05 23:59:00
2.5,2.24,2.37,1.1,4436.52,35208.51,2021-08-06 23:59:00
,,,,,,2021-08-07 23:59:00
,,,,,,2021-08-08 23:59:00
2.5,2.24,2.37,1.1,4432.35,35101.85,2021-08-09 23:59:00
2.53,2.27,2.4,1.12,4436.75,35264.67,2021-08-10 23:59:00
2.55,2.29,2.42,1.12,4447.7,35484.97,2021-08-11 23:59:00
2.55,2.27,2.41,1.13,4460.83,35499.85,2021-08-12 23:59:00
2.52,2.22,2.37,1.06,4468.0,35515.38,2021-08-13 23:59:00
,,,,,,2021-08-14 23:59:00
,,,,,,2021-08-15 23:59:00
2.5,2.22,2.36,1.05,4479.71,35625.4,2021-08-16 23:59:00
2.49,2.17,2.33,1.03,4448.08,35343.28,2021-08-17 23:59:00
2.48,2.16,2.32,1.04,4400.27,34960.69,2021-08-18 23:59:00
2.45,2.11,2.28,1.02,4405.8,34894.12,2021-08-19 23:59:00
2.4,2.14,2.27,1.03,4441.67,35120.08,2021-08-20 23:59:00
,,,,,,2021-08-21 23:59:00
,,,,,,2021-08-22 23:59:00
2.43,2.11,2.27,1.02,4479.53,35335.71,2021-08-23 23:59:00
2.45,2.15,2.3,1.05,4486.23,35366.26,2021-08-24 23:59:00
2.51,2.19,2.35,1.12,4496.19,35405.5,2021-08-25 23:59:00
2.5,2.16,2.33,1.09,4470.0,35213.12,2021-08-26 23:59:00
2.53,2.25,2.39,1.09,4509.37,35455.8,2021-08-27 23:59:00
,,,,,,2021-08-28 23:59:00
,,,,,,2021-08-29 23:59:00
2.51,2.23,2.37,1.09,4528.79,35399.84,2021-08-30 23:59:00
2.48,2.18,2.33,1.1,4522.68,35360.73,2021-08-31 23:59:00
2.48,2.2,2.34,1.11,4524.09,35312.53,2021-09-01 23:59:00
2.47,2.17,2.32,1.09,4536.95,35443.82,2021-09-02 23:59:00
2.48,2.2,2.34,1.12,4535.43,35369.09,2021-09-03 23:59:00
,,,,,,2021-09-04 23:59:00
,,,,,,2021-09-05 23:59:00
,,,,,,2021-09-06 23:59:00
2.51,2.21,2.36,1.16,4520.03,35100.0,2021-09-07 23:59:00
2.53,2.23,2.38,1.13,4514.07,35031.07,2021-09-08 23:59:00
2.55,2.21,2.38,1.07,4493.28,34879.38,2021-09-09 23:59:00
2.55,2.25,2.4,1.12,4458.58,34607.72,2021-09-10 23:59:00
,,,,,,2021-09-11 23:59:00
,,,,,,2021-09-12 23:59:00
2.53,2.21,2.37,1.12,4468.73,34869.63,2021-09-13 23:59:00
2.49,2.17,2.33,1.07,4443.05,34577.57,2021-09-14 23:59:00
2.51,2.19,2.35,1.1,4480.7,34814.39,2021-09-15 23:59:00
2.53,2.17,2.35,1.11,4473.75,34751.32,2021-09-16 23:59:00
2.51,2.15,2.33,1.14,4432.99,34584.88,2021-09-17 23:59:00
,,,,,,2021-09-18 23:59:00
,,,,,,2021-09-19 23:59:00
2.43,2.15,2.29,1.08,4357.73,33970.47,2021-09-20 23:59:00
2.44,2.14,2.29,1.11,4354.19,33919.84,2021-09-21 23:59:00
2.41,2.15,2.28,1.07,4395.64,34258.32,2021-09-22 23:59:00
2.48,2.14,2.31,1.14,4448.98,34764.82,2021-09-23 23:59:00
2.47,2.21,2.34,1.18,4455.48,34798.0,2021-09-24 23:59:00
,,,,,,2021-09-25 23:59:00
,,,,,,2021-09-26 23:59:00
2.5,2.2,2.35,1.17,4443.11,34869.37,2021-09-27 23:59:00
2.53,2.23,2.38,1.23,4352.63,34299.99,2021-09-28 23:59:00
2.52,2.22,2.37,1.25,4359.46,34390.72,2021-09-29 23:59:00
2.51,2.23,2.37,1.24,4307.54,33843.92,2021-09-30 23:59:00
2.51,2.25,2.38,1.21,4357.04,34326.46,2021-10-01 23:59:00
,,,,,,2021-10-02 23:59:00
,,,,,,2021-10-03 23:59:00
2.53,2.23,2.38,1.22,4300.46,34002.92,2021-10-04 23:59:00
2.59,2.31,2.45,1.26,4345.72,34314.67,2021-10-05 23:59:00
2.57,2.29,2.43,1.23,4363.55,34416.99,2021-10-06 23:59:00
2.61,2.31,2.46,1.26,4399.76,34754.94,2021-10-07 23:59:00
2.64,2.36,2.5,1.29,4391.34,34746.25,2021-10-08 23:59:00
,,,,,,2021-10-09 23:59:00
,,,,,,2021-10-10 23:59:00
,,,,4361.19,34496.06,2021-10-11 23:59:00
2.64,2.34,2.49,1.24,4350.65,34378.34,2021-10-12 23:59:00
2.68,2.36,2.52,1.19,4363.8,34377.81,2021-10-13 23:59:00
2.69,2.35,2.52,1.16,4438.26,34912.56,2021-10-14 23:59:00
2.71,2.41,2.56,1.18,4471.37,35294.76,2021-10-15 23:59:00
,,,,,,2021-10-16 23:59:00
,,,,,,2021-10-17 23:59:00
2.71,2.37,2.54,1.15,4486.46,35258.61,2021-10-18 23:59:00
2.71,2.37,2.54,1.24,4519.63,35457.31,2021-10-19 23:59:00
2.77,2.37,2.57,1.25,4536.19,35609.34,2021-10-20 23:59:00
2.94,2.34,2.64,1.23,4549.78,35603.08,2021-10-21 23:59:00
2.91,2.37,2.64,1.18,4544.9,35677.02,2021-10-22 23:59:00
,,,,,,2021-10-23 23:59:00
,,,,,,2021-10-24 23:59:00
2.95,2.37,2.66,1.17,4566.48,35741.15,2021-10-25 23:59:00
2.99,2.39,2.69,1.16,4574.79,35756.88,2021-10-26 23:59:00
2.96,2.34,2.65,1.04,4551.68,35490.69,2021-10-27 23:59:00
2.9,2.24,2.57,1.07,4596.42,35730.48,2021-10-28 23:59:00
2.89,2.13,2.51,1.07,4605.38,35819.56,2021-10-29 23:59:00
,,,,,,2021-10-30 23:59:00
,,,,,,2021-10-31 23:59:00
2.86,2.14,2.5,1.08,4613.67,35913.84,2021-11-01 23:59:00
2.84,2.18,2.51,1.1,4630.65,36052.63,2021-11-02 23:59:00
2.86,2.2,2.53,1.13,4660.57,36157.58,2021-11-03 23:59:00
2.88,2.24,2.56,1.12,4680.06,36124.23,2021-11-04 23:59:00
2.87,2.21,2.54,1.06,4697.53,36327.95,2021-11-05 23:59:00
,,,,,,2021-11-06 23:59:00
,,,,,,2021-11-07 23:59:00
2.94,2.3,2.62,1.06,4701.7,36432.22,2021-11-08 23:59:00
2.96,2.3,2.63,1.05,4685.25,36319.98,2021-11-09 23:59:00
3.08,2.32,2.7,1.05,4646.71,36079.94,2021-11-10 23:59:00
,,,,4649.27,35921.23,2021-11-11 23:59:00
3.11,2.35,2.73,1.05,4682.85,36100.31,2021-11-12 23:59:00
,,,,,,2021-11-13 23:59:00
,,,,,,2021-11-14 23:59:00
3.17,2.35,2.76,1.1,4682.8,36087.45,2021-11-15 23:59:00
3.17,2.29,2.73,1.09,4700.9,36142.22,2021-11-16 23:59:00
3.14,2.26,2.7,1.08,4688.67,35931.05,2021-11-17 23:59:00
3.11,2.35,2.73,1.07,4704.54,35870.95,2021-11-18 23:59:00
3.02,2.28,2.65,1.02,4697.96,35601.98,2021-11-19 23:59:00
,,,,,,2021-11-20 23:59:00
,,,,,,2021-11-21 23:59:00
2.98,2.24,2.61,1.0,4682.94,35619.25,2021-11-22 23:59:00
3.0,2.24,2.62,1.07,4690.7,35813.8,2021-11-23 23:59:00
3.03,2.19,2.61,1.0,4701.46,35804.38,2021-11-24 23:59:00
,,,,,,2021-11-25 23:59:00
2.92,2.18,2.55,0.98,4594.62,34899.34,2021-11-26 23:59:00
,,,,,,2021-11-27 23:59:00
,,,,,,2021-11-28 23:59:00
2.91,2.17,2.54,1.01,4655.27,35135.94,2021-11-29 23:59:00
2.8,2.2,2.5,0.91,4567.0,34483.72,2021-11-30 23:59:00
2.7,2.18,2.44,0.87,4513.04,34022.04,2021-12-01 23:59:00
2.73,2.21,2.47,0.81,4577.1,34639.79,2021-12-02 23:59:00
2.72,2.14,2.43,0.75,4538.43,34580.08,2021-12-03 23:59:00
,,,,,,2021-12-04 23:59:00
,,,,,,2021-12-05 23:59:00
2.79,2.09,2.44,0.78,4591.67,35227.03,2021-12-06 23:59:00
2.84,2.1,2.47,0.78,4686.75,35719.43,2021-12-07 23:59:00
2.88,2.16,2.52,0.84,4701.21,35754.75,2021-12-08 23:59:00
2.8,2.14,2.47,0.79,4667.45,35754.69,2021-12-09 23:59:00
2.76,2.12,2.44,0.81,4712.02,35970.99,2021-12-10 23:59:00
,,,,,,2021-12-11 23:59:00
,,,,,,2021-12-12 23:59:00
2.73,2.07,2.4,0.76,4668.97,35650.95,2021-12-13 23:59:00
2.66,2.08,2.37,0.77,4634.09,35544.18,2021-12-14 23:59:00
2.67,2.11,2.39,0.78,4709.85,35927.43,2021-12-15 23:59:00
2.7,2.14,2.42,0.8,4668.67,35897.64,2021-12-16 23:59:00
2.65,2.11,2.38,0.75,4620.64,35365.44,2021-12-17 23:59:00
,,,,,,2021-12-18 23:59:00
,,,,,,2021-12-19 23:59:00
2.65,2.13,2.39,0.78,4568.02,34932.16,2021-12-20 23:59:00
2.69,2.19,2.44,0.78,4649.23,35492.7,2021-12-21 23:59:00
2.7,2.24,2.47,0.78,4696.56,35753.89,2021-12-22 23:59:00
2.72,2.22,2.47,0.79,4725.79,35950.56,2021-12-23 23:59:00
,,,,,,2021-12-24 23:59:00
,,,,,,2021-12-25 23:59:00
,,,,,,2021-12-26 23:59:00
2.75,2.25,2.5,0.72,4791.19,36302.38,2021-12-27 23:59:00
2.78,2.22,2.5,0.75,4786.35,36398.21,2021-12-28 23:59:00
2.83,2.23,2.53,0.8,4793.06,36488.63,2021-12-29 23:59:00
2.86,2.3,2.58,0.79,4778.73,36398.08,2021-12-30 23:59:00
2.87,2.25,2.56,0.79,4766.18,36338.3,2021-12-31 23:59:00
,,,,,,2022-01-01 23:59:00
,,,,,,2022-01-02 23:59:00
2.95,2.25,2.6,0.85,4796.56,36585.06,2022-01-03 23:59:00
2.93,2.21,2.57,0.89,4793.54,36799.65,2022-01-04 23:59:00
2.87,2.19,2.53,0.88,4700.58,36407.11,2022-01-05 23:59:00
2.77,2.15,2.46,0.85,4696.05,36236.47,2022-01-06 23:59:00
2.78,2.18,2.48,0.89,4677.03,36231.66,2022-01-07 23:59:00
,,,,,,2022-01-08 23:59:00
,,,,,,2022-01-09 23:59:00
2.77,2.19,2.48,0.86,4670.29,36068.87,2022-01-10 23:59:00
2.87,2.21,2.54,0.85,4713.07,36252.02,2022-01-11 23:59:00
2.82,2.14,2.48,0.82,4726.35,36290.32,2022-01-12 23:59:00
2.77,2.09,2.43,0.79,4659.03,36113.62,2022-01-13 23:59:00
2.79,2.09,2.44,0.79,4662.85,35911.81,2022-01-14 23:59:00
,,,,,,2022-01-15 23:59:00
,,,,,,2022-01-16 23:59:00
,,,,,,2022-01-17 23:59:00
2.8,2.12,2.46,0.81,4577.11,35368.47,2022-01-18 23:59:00
2.73,2.07,2.4,0.79,4532.76,35028.65,2022-01-19 23:59:00
2.74,1.92,2.33,0.75,4482.73,34715.39,2022-01-20 23:59:00
2.7,1.98,2.34,0.74,4397.94,34265.37,2022-01-21 23:59:00
,,,,,,2022-01-22 23:59:00
,,,,,,2022-01-23 23:59:00
2.74,2.02,2.38,0.76,4410.13,34364.5,2022-01-24 23:59:00
2.78,2.04,2.41,0.76,4356.45,34297.73,2022-01-25 23:59:00
2.75,2.01,2.38,0.72,4349.93,34168.09,2022-01-26 23:59:00
2.76,2.04,2.4,0.63,4326.51,34160.78,2022-01-27 23:59:00
2.8,2.08,2.44,0.63,4431.85,34725.47,2022-01-28 23:59:00
,,,,,,2022-01-29 23:59:00
,,,,,,2022-01-30 23:59:00
2.82,2.06,2.44,0.61,4515.55,35131.86,2022-01-31 23:59:00
2.8,2.06,2.43,0.63,4546.54,35405.24,2022-02-01 23:59:00
2.79,2.03,2.41,0.62,4589.38,35629.33,2022-02-02 23:59:00
2.76,2.0,2.38,0.63,4477.44,35111.16,2022-02-03 23:59:00
2.78,2.04,2.41,0.62,4500.53,35089.74,2022-02-04 23:59:00
,,,,,,2022-02-05 23:59:00
,,,,,,2022-02-06 23:59:00
2.75,2.05,2.4,0.62,4483.87,35091.13,2022-02-07 23:59:00
2.77,2.07,2.42,0.61,4521.54,35462.78,2022-02-08 23:59:00
2.78,2.06,2.42,0.58,4587.18,35768.06,2022-02-09 23:59:00
2.81,2.09,2.45,0.42,4504.08,35241.59,2022-02-10 23:59:00
2.82,2.04,2.43,0.42,4418.64,34738.06,2022-02-11 23:59:00
,,,,,,2022-02-12 23:59:00
,,,,,,2022-02-13 23:59:00
2.91,2.05,2.48,0.4,4401.67,34566.17,2022-02-14 23:59:00
2.89,2.07,2.48,0.47,4471.07,34988.84,2022-02-15 23:59:00
2.87,2.05,2.46,0.51,4475.01,34934.27,2022-02-16 23:59:00
2.87,1.99,2.43,0.48,4380.26,34312.03,2022-02-17 23:59:00
2.86,1.96,2.41,0.45,4348.87,34079.18,2022-02-18 23:59:00
,,,,,,2022-02-19 23:59:00
,,,,,,2022-02-20 23:59:00
,,,,,,2022-02-21 23:59:00
2.89,2.01,2.45,0.38,4304.76,33596.61,2022-02-22 23:59:00
3.01,2.05,2.53,0.41,4225.5,33131.76,2022-02-23 23:59:00
3.05,2.05,2.55,0.42,4288.7,33223.83,2022-02-24 23:59:00
3.02,2.06,2.54,0.42,4384.65,34058.75,2022-02-25 23:59:00
,,,,,,2022-02-26 23:59:00
,,,,,,2022-02-27 23:59:00
3.11,2.13,2.62,0.39,4373.94,33892.6,2022-02-28 23:59:00
3.14,2.1,2.62,0.41,4306.26,33294.95,2022-03-01 23:59:00
3.23,2.19,2.71,0.36,4386.54,33891.35,2022-03-02 23:59:00
3.17,2.21,2.69,0.33,4363.49,33794.66,2022-03-03 23:59:00
3.19,2.15,2.67,0.24,4328.87,33614.8,2022-03-04 23:59:00
,,,,,,2022-03-05 23:59:00
,,,,,,2022-03-06 23:59:00
3.29,2.25,2.77,0.23,4201.09,32817.38,2022-03-07 23:59:00
3.43,2.37,2.9,0.23,4170.7,32632.64,2022-03-08 23:59:00
3.33,2.35,2.84,0.26,4277.88,33286.25,2022-03-09 23:59:00
3.42,2.3,2.86,0.26,4259.52,33174.07,2022-03-10 23:59:00
3.52,2.36,2.94,0.25,4204.31,32944.19,2022-03-11 23:59:00
,,,,,,2022-03-12 23:59:00
,,,,,,2022-03-13 23:59:00
3.5,2.36,2.93,0.27,4173.11,32945.24,2022-03-14 23:59:00
3.42,2.26,2.84,0.3,4262.45,33544.34,2022-03-15 23:59:00
3.34,2.26,2.8,0.24,4357.86,34063.1,2022-03-16 23:59:00
3.51,2.31,2.91,0.26,4411.67,34480.76,2022-03-17 23:59:00
3.48,2.24,2.86,0.17,4463.12,34754.93,2022-03-18 23:59:00
,,,,,,2022-03-19 23:59:00
,,,,,,2022-03-20 23:59:00
3.52,2.28,2.9,0.18,4461.18,34552.99,2022-03-21 23:59:00
3.52,2.3,2.91,0.2,4511.61,34807.46,2022-03-22 23:59:00
3.57,2.31,2.94,0.19,4456.24,34358.5,2022-03-23 23:59:00
3.57,2.27,2.92,0.21,4520.16,34707.94,2022-03-24 23:59:00
3.59,2.31,2.95,0.18,4543.06,34861.24,2022-03-25 23:59:00
,,,,,,2022-03-26 23:59:00
,,,,,,2022-03-27 23:59:00
3.56,2.34,2.95,0.11,4575.52,34955.89,2022-03-28 23:59:00
3.4,2.32,2.86,0.06,4631.6,35294.19,2022-03-29 23:59:00
3.41,2.31,2.86,0.04,4602.45,35228.81,2022-03-30 23:59:00
3.34,2.34,2.84,0.04,4530.41,34678.35,2022-03-31 23:59:00
3.28,2.32,2.8,-0.05,4545.86,34818.27,2022-04-01 23:59:00
,,,,,,2022-04-02 23:59:00
,,,,,,2022-04-03 23:59:00
3.28,2.32,2.8,-0.01,4582.64,34921.88,2022-04-04 23:59:00
3.31,2.37,2.84,0.03,4525.12,34641.18,2022-04-05 23:59:00
3.28,2.38,2.83,0.11,4481.15,34496.51,2022-04-06 23:59:00
3.26,2.38,2.82,0.19,4500.21,34583.57,2022-04-07 23:59:00
3.33,2.41,2.87,0.19,4488.28,34721.12,2022-04-08 23:59:00
,,,,,,2022-04-09 23:59:00
,,,,,,2022-04-10 23:59:00
3.37,2.45,2.91,0.29,4412.53,34308.08,2022-04-11 23:59:00
3.31,2.41,2.86,0.33,4397.45,34220.36,2022-04-12 23:59:00
3.25,2.35,2.8,0.33,4446.59,34564.59,2022-04-13 23:59:00
3.33,2.45,2.89,0.36,4392.59,34451.23,2022-04-14 23:59:00
,,,,,,2022-04-15 23:59:00
,,,,,,2022-04-16 23:59:00
,,,,,,2022-04-17 23:59:00
3.36,2.48,2.92,0.39,4391.69,34411.69,2022-04-18 23:59:00
3.36,2.5,2.93,0.32,4462.21,34911.2,2022-04-19 23:59:00
3.36,2.48,2.92,0.25,4459.45,35160.79,2022-04-20 23:59:00
3.37,2.67,3.02,0.22,4393.66,34792.76,2022-04-21 23:59:00
3.37,2.59,2.98,0.18,4271.78,33811.4,2022-04-22 23:59:00
,,,,,,2022-04-23 23:59:00
,,,,,,2022-04-24 23:59:00
3.27,2.55,2.91,0.18,4296.12,34049.46,2022-04-25 23:59:00
3.25,2.45,2.85,0.23,4175.2,33240.18,2022-04-26 23:59:00
3.28,2.48,2.88,0.24,4183.96,33301.93,2022-04-27 23:59:00
3.39,2.55,2.97,0.22,4287.5,33916.39,2022-04-28 23:59:00
3.3,2.46,2.88,0.19,4131.93,32977.21,2022-04-29 23:59:00
,,,,,,2022-04-30 23:59:00
,,,,,,2022-05-01 23:59:00
3.21,2.41,2.81,0.26,4155.38,33061.5,2022-05-02 23:59:00
3.21,2.45,2.83,0.19,4175.48,33128.79,2022-05-03 23:59:00
3.24,2.48,2.86,0.27,4300.17,34061.06,2022-05-04 23:59:00
3.23,2.51,2.87,0.34,4146.87,32997.97,2022-05-05 23:59:00
3.22,2.5,2.86,0.4,4123.34,32899.37,2022-05-06 23:59:00
,,,,,,2022-05-07 23:59:00
,,,,,,2022-05-08 23:59:00
3.06,2.44,2.75,0.44,3991.24,32245.7,2022-05-09 23:59:00
2.92,2.38,2.65,0.37,4001.05,32160.74,2022-05-10 23:59:00
3.0,2.4,2.7,0.25,3935.18,31834.11,2022-05-11 23:59:00
2.89,2.29,2.59,0.28,3930.08,31730.3,2022-05-12 23:59:00
3.03,2.35,2.69,0.32,4023.89,32196.66,2022-05-13 23:59:00
,,,,,,2022-05-14 23:59:00
,,,,,,2022-05-15 23:59:00
3.04,2.32,2.68,0.3,4008.01,32223.42,2022-05-16 23:59:00
3.08,2.34,2.71,0.27,4088.85,32654.59,2022-05-17 23:59:00
3.05,2.39,2.72,0.21,3923.68,31490.07,2022-05-18 23:59:00
2.97,2.21,2.59,0.21,3900.79,31253.13,2022-05-19 23:59:00
2.88,2.22,2.55,0.18,3901.36,31261.9,2022-05-20 23:59:00
,,,,,,2022-05-21 23:59:00
,,,,,,2022-05-22 23:59:00
2.92,2.28,2.6,0.21,3973.75,31880.24,2022-05-23 23:59:00
2.87,2.23,2.55,0.26,3941.48,31928.62,2022-05-24 23:59:00
2.88,2.24,2.56,0.27,3978.73,32120.28,2022-05-25 23:59:00
2.96,2.28,2.62,0.29,4057.84,32637.19,2022-05-26 23:59:00
2.95,2.31,2.63,0.27,4158.24,33212.96,2022-05-27 23:59:00
,,,,,,2022-05-28 23:59:00
,,,,,,2022-05-29 23:59:00
,,,,,,2022-05-30 23:59:00
2.96,2.32,2.64,0.32,4132.15,32990.12,2022-05-31 23:59:00
2.96,2.34,2.65,0.28,4101.23,32813.23,2022-06-01 23:59:00
2.97,2.35,2.66,0.27,4176.82,33248.28,2022-06-02 23:59:00
3.04,2.44,2.74,0.3,4108.54,32899.7,2022-06-03 23:59:00
,,,,,,2022-06-04 23:59:00
,,,,,,2022-06-05 23:59:00
3.05,2.47,2.76,0.31,4121.43,32915.78,2022-06-06 23:59:00
3.03,2.43,2.73,0.23,4160.68,33180.14,2022-06-07 23:59:00
3.06,2.44,2.75,0.25,4115.77,32910.9,2022-06-08 23:59:00
3.08,2.42,2.75,0.21,4017.82,32272.79,2022-06-09 23:59:00
3.13,2.39,2.76,0.09,3900.86,31392.79,2022-06-10 23:59:00
,,,,,,2022-06-11 23:59:00
,,,,,,2022-06-12 23:59:00
3.11,2.37,2.74,0.03,3749.63,30516.74,2022-06-13 23:59:00
2.88,2.32,2.6,0.04,3735.48,30364.83,2022-06-14 23:59:00
3.0,2.4,2.7,0.13,3789.99,30668.53,2022-06-15 23:59:00
2.87,2.37,2.62,0.14,3666.77,29927.07,2022-06-16 23:59:00
2.8,2.36,2.58,0.08,3674.84,29888.78,2022-06-17 23:59:00
,,,,,,2022-06-18 23:59:00
,,,,,,2022-06-19 23:59:00
,,,,,,2022-06-20 23:59:00
2.84,2.38,2.61,0.1,3764.79,30530.25,2022-06-21 23:59:00
2.74,2.34,2.54,0.1,3759.89,30483.13,2022-06-22 23:59:00
2.69,2.31,2.5,0.08,3795.73,30677.36,2022-06-23 23:59:00
2.82,2.3,2.56,0.09,3911.74,31500.68,2022-06-24 23:59:00
,,,,,,2022-06-25 23:59:00
,,,,,,2022-06-26 23:59:00
2.79,2.31,2.55,0.12,3900.11,31438.26,2022-06-27 23:59:00
2.73,2.23,2.48,0.1,3821.55,30946.99,2022-06-28 23:59:00
2.59,2.13,2.36,0.04,3818.83,31029.31,2022-06-29 23:59:00
2.58,2.08,2.33,0.06,3785.38,30775.43,2022-06-30 23:59:00
2.6,2.08,2.34,0.04,3825.33,31097.26,2022-07-01 23:59:00
,,,,,,2022-07-02 23:59:00
,,,,,,2022-07-03 23:59:00
,,,,,,2022-07-04 23:59:00
2.51,2.09,2.3,0.0,3831.39,30967.82,2022-07-05 23:59:00
2.48,2.1,2.29,-0.04,3845.08,31037.68,2022-07-06 23:59:00
2.53,2.13,2.33,-0.02,3902.62,31384.55,2022-07-07 23:59:00
2.62,2.12,2.37,-0.03,3899.38,31338.15,2022-07-08 23:59:00
,,,,,,2022-07-09 23:59:00
,,,,,,2022-07-10 23:59:00
2.56,2.08,2.32,-0.08,3854.43,31173.84,2022-07-11 23:59:00
2.5,2.14,2.32,-0.07,3818.8,30981.33,2022-07-12 23:59:00
2.51,2.11,2.31,-0.22,3801.78,30772.79,2022-07-13 23:59:00
2.54,2.14,2.34,-0.19,3790.38,30630.17,2022-07-14 23:59:00
2.59,2.13,2.36,-0.2,3863.16,31288.26,2022-07-15 23:59:00
,,,,,,2022-07-16 23:59:00
,,,,,,2022-07-17 23:59:00
2.63,2.11,2.37,-0.19,3830.85,31072.61,2022-07-18 23:59:00
2.67,2.11,2.39,-0.22,3936.69,31827.05,2022-07-19 23:59:00
2.67,2.09,2.38,-0.21,3959.9,31874.84,2022-07-20 23:59:00
2.55,2.11,2.33,-0.19,3998.95,32036.9,2022-07-21 23:59:00
2.56,2.12,2.34,-0.21,3961.63,31899.29,2022-07-22 23:59:00
,,,,,,2022-07-23 23:59:00
,,,,,,2022-07-24 23:59:00
2.58,2.14,2.36,-0.19,3966.84,31990.04,2022-07-25 23:59:00
2.56,2.16,2.36,-0.21,3921.05,31761.54,2022-07-26 23:59:00
